batch_size,epoch,input_to_padding_ratio,learning_rate,lr-AdamW,num_frames,num_tokens,output_to_padding_ratio,step,train_loss,training_batch_bleu,training_batch_wer,val_bleu,val_loss,val_wer
,0,,,,,,,0,,,,0.8249444365501404,1.3398072719573975,0.08884026110172272
,,,,1.96078431372549e-06,,,,9,,,,,,
20.0,0,0.40245166420936584,1.9607844023994403e-06,,2271888.0,867.0,0.35532787442207336,9,1.5743626356124878,0.5400813817977905,0.2844036817550659,,,
,,,,3.92156862745098e-06,,,,19,,,,,,
19.0,0,0.3890354037284851,3.921568804798881e-06,,2218448.0,802.0,0.4538766145706177,19,1.1188068389892578,0.657889723777771,0.19855596125125885,,,
,,,,5.882352941176471e-06,,,,29,,,,,,
19.0,0,0.40479588508605957,5.8823529798246454e-06,,2609936.0,970.0,0.4956566095352173,29,0.6884596347808838,0.6965045928955078,0.17119565606117249,,,
,,,,7.84313725490196e-06,,,,39,,,,,,
27.0,0,0.3819815218448639,7.843137609597761e-06,,2307584.0,940.0,0.4095860421657562,39,0.55829918384552,0.6002070307731628,0.223270446062088,,,
,,,,9.803921568627451e-06,,,,49,,,,,,
27.0,0,0.4100176990032196,9.803921784623526e-06,,2329760.0,941.0,0.4526214599609375,49,0.312759131193161,0.6044919490814209,0.21875,,,
,,,,9.999096977414362e-06,,,,59,,,,,,
18.0,0,0.4001862704753876,9.999096619139891e-06,,2275568.0,848.0,0.4758698046207428,59,0.22215934097766876,0.7211616039276123,0.15434083342552185,,,
,,,,9.995975858662581e-06,,,,69,,,,,,
25.0,0,0.4555329382419586,9.995976142818108e-06,,2880608.0,1136.0,0.47333332896232605,69,0.29778239130973816,0.6788625717163086,0.19589976966381073,,,
,,,,9.990626960034291e-06,,,,79,,,,,,
20.0,0,0.29073843359947205,9.990627404476982e-06,,2247664.0,935.0,0.3895833194255829,79,0.3525329828262329,0.5642058253288269,0.26586103439331055,,,
,,,,9.983052792323704e-06,,,,89,,,,,,
19.0,0,0.3481721878051758,9.983053132600617e-06,,1947536.0,825.0,0.3446115255355835,89,0.4075705111026764,0.5893545150756836,0.27242523431777954,,,
,,,,9.973256910875163e-06,,,,99,,,,,,
17.0,0,0.3572191894054413,9.97325696516782e-06,,2042768.0,781.0,0.5280594825744629,99,0.31593644618988037,0.5657220482826233,0.23381294310092926,,,
,,,,9.96124391391424e-06,,,,109,,,,,,
24.0,0,0.4487628638744354,9.961244359146804e-06,,2545584.0,960.0,0.4761904776096344,109,0.3153998851776123,0.6473501920700073,0.2209944725036621,,,
,,,,9.947019440389318e-06,,,,119,,,,,,
18.0,0,0.36456647515296936,9.947019862011075e-06,,2032496.0,705.0,0.430402934551239,119,0.33513301610946655,0.6758745312690735,0.19083969295024872,,,
,,,,9.930590167324639e-06,,,,129,,,,,,
19.0,0,0.42410174012184143,9.930589840223547e-06,,2597104.0,955.0,0.5404640436172485,129,0.3250950872898102,0.6233282089233398,0.2288828343153,,,
,,,,9.91196380668609e-06,,,,139,,,,,,
17.0,0,0.2827126085758209,9.911963388731238e-06,,1559488.0,612.0,0.3913043439388275,139,0.2378409206867218,0.7017366886138916,0.1586538404226303,,,
,,,,9.89114910176117e-06,,,,149,,,,,,
15.0,0,0.40965476632118225,9.891148692986462e-06,,2230816.0,811.0,0.54612797498703,149,0.4353765845298767,0.6121750473976135,0.22499999403953552,,,
,,,,9.868155823054864e-06,,,,159,,,,,,
21.0,0,0.41869232058525085,9.868155757430941e-06,,2507632.0,934.0,0.3867494761943817,159,0.3558015823364258,0.6342030763626099,0.2492917776107788,,,
,,,,9.842994763703317e-06,,,,169,,,,,,
20.0,0,0.3311891257762909,9.842994586506393e-06,,1827952.0,779.0,0.4426136314868927,169,0.27158454060554504,0.6358709335327148,0.20370370149612427,,,
,,,,9.815677734407505e-06,,,,179,,,,,,
23.0,0,0.5540413856506348,9.815677913138643e-06,,3066464.0,1042.0,0.5663043260574341,179,0.3247554302215576,0.6417238712310791,0.18333333730697632,,,
,,,,9.786217557889234e-06,,,,189,,,,,,
19.0,0,0.38690048456192017,9.786217560758814e-06,,2141584.0,837.0,0.4361646771430969,189,0.26824331283569336,0.6151171922683716,0.21590909361839294,,,
,,,,9.754628062872118e-06,,,,199,,,,,,
22.0,0,0.45882636308670044,9.754628081282135e-06,,2630624.0,950.0,0.49070248007774353,199,0.3254360258579254,0.6206145286560059,0.2261904776096344,,,
,,,,9.720924077590304e-06,,,,209,,,,,,
22.0,0,0.36723804473876953,9.720924026623834e-06,,2093104.0,866.0,0.3748917877674103,209,0.26131102442741394,0.6976821422576904,0.16938111186027527,,,
,,,,9.685121422828057e-06,,,,219,,,,,,
15.0,0,0.3328045606613159,9.685121767688543e-06,,1852976.0,718.0,0.44735202193260193,219,0.4881986379623413,0.48414555191993713,0.32270917296409607,,,
,,,,9.647236904493404e-06,,,,229,,,,,,
22.0,0,0.46345365047454834,9.647236765886191e-06,,2637904.0,943.0,0.5291807055473328,229,0.24474185705184937,0.6755913496017456,0.17696629464626312,,,
,,,,9.607288305729396e-06,,,,239,,,,,,
18.0,0,0.31637805700302124,9.607288120605517e-06,,1776688.0,686.0,0.529321014881134,239,0.3166159391403198,0.6227745413780212,0.21576763689517975,,,
,,,,9.565294378566605e-06,,,,249,,,,,,
19.0,0,0.4920782446861267,9.565294021740556e-06,,2738128.0,1021.0,0.5069513320922852,249,0.40848132967948914,0.5848281979560852,0.24155844748020172,,,
,0,,,,,,,249,,,,0.8175547122955322,0.12083174288272858,0.09409190714359283
,,,,9.521274835120866e-06,,,,259,,,,,,
20.0,0,0.5028541088104248,9.521274478174746e-06,,2821776.0,1064.0,0.5428571701049805,259,0.26068344712257385,0.6169766187667847,0.19948185980319977,,,
,,,,9.475250338340323e-06,,,,269,,,,,,
19.0,0,0.4025542438030243,9.475250408286229e-06,,2298720.0,833.0,0.4566885828971863,269,0.22074706852436066,0.7509814500808716,0.12786884605884552,,,
,,,,9.427242492306164e-06,,,,279,,,,,,
25.0,0,0.49313151836395264,9.427242730453145e-06,,2814992.0,1033.0,0.5164999961853027,279,0.2035471349954605,0.681547224521637,0.1943662017583847,,,
,,,,9.37727383209157e-06,,,,289,,,,,,
20.0,0,0.3035847246646881,9.377274182043038e-06,,1722224.0,774.0,0.3583333194255829,289,0.34065157175064087,0.5830929279327393,0.22857142984867096,,,
,,,,9.325367813183675e-06,,,,299,,,,,,
21.0,0,0.3352785110473633,9.325367500423454e-06,,2289008.0,942.0,0.4313186705112457,299,0.22337184846401215,0.707162618637085,0.17133955657482147,,,
,,,,9.27154880047346e-06,,,,309,,,,,,
15.0,0,0.3530811667442322,9.271549060940742e-06,,1908672.0,685.0,0.3971014618873596,309,0.2489025741815567,0.6857960820198059,0.16988417506217957,,,
,,,,9.215842056818776e-06,,,,319,,,,,,
16.0,0,0.2634526491165161,9.21584251045715e-06,,1495568.0,548.0,0.48239436745643616,319,0.22981129586696625,0.7233557105064392,0.15075376629829407,,,
,,,,9.158273731185863e-06,,,,329,,,,,,
17.0,0,0.24775958061218262,9.158273314824328e-06,,1547760.0,592.0,0.46431371569633484,329,0.35357049107551575,0.6373994946479797,0.23560209572315216,,,
,,,,9.098870846374921e-06,,,,339,,,,,,
23.0,0,0.382301926612854,9.09887057787273e-06,,2129440.0,871.0,0.3944746255874634,339,0.2306409478187561,0.6935915350914001,0.17320261895656586,,,
,,,,9.037661286335491e-06,,,,349,,,,,,
19.0,0,0.48455318808555603,9.037661584443413e-06,,2696992.0,1032.0,0.5657894611358643,349,0.30472317337989807,0.6871122121810913,0.17892156541347504,,,
,,,,8.974673783077635e-06,,,,359,,,,,,
20.0,0,0.4398353695869446,8.974673619377427e-06,,2522192.0,937.0,0.44198113679885864,359,0.2796102464199066,0.6757921576499939,0.18885448575019836,,,
,,,,8.909937903185e-06,,,,369,,,,,,
22.0,0,0.36857831478118896,8.909937605494633e-06,,2088288.0,796.0,0.39328062534332275,369,0.203338623046875,0.7100986838340759,0.15589353442192078,,,
,,,,8.84348403393616e-06,,,,379,,,,,,
17.0,0,0.41062304377555847,8.843484465614893e-06,,2301920.0,852.0,0.4773109257221222,379,0.2374112755060196,0.6581037044525146,0.20249220728874207,,,
,,,,8.7753433690407e-06,,,,389,,,,,,
22.0,0,0.467501699924469,8.775343303568661e-06,,2604336.0,974.0,0.4298323094844818,389,0.42209550738334656,0.5772045254707336,0.23966942727565765,,,
,,,,8.705547893996764e-06,,,,399,,,,,,
18.0,0,0.3917301595211029,8.705547770659905e-06,,2205936.0,799.0,0.49875155091285706,399,0.3488420844078064,0.6034815311431885,0.2313167303800583,,,
,,,,8.63413037107694e-06,,,,409,,,,,,
23.0,0,0.3281615972518921,8.634130608697888e-06,,2581440.0,990.0,0.3617098927497864,409,0.23495957255363464,0.6979537010192871,0.18209876120090485,,,
,,,,8.561124323949515e-06,,,,419,,,,,,
13.0,0,0.22256168723106384,8.561124559491873e-06,,1297264.0,508.0,0.24732229113578796,419,0.18311330676078796,0.6777759194374084,0.16129031777381897,,,
,,,,8.48656402194234e-06,,,,429,,,,,,
24.0,0,0.34099653363227844,8.486564183840528e-06,,2484768.0,977.0,0.4111952781677246,429,0.32283562421798706,0.5967147946357727,0.22252747416496277,,,
,,,,8.410484463956657e-06,,,,439,,,,,,
28.0,0,0.4482036232948303,8.410484042542521e-06,,2518976.0,1057.0,0.5392857193946838,439,0.2918561100959778,0.6291612386703491,0.2179836481809616,,,
,,,,8.332921362038494e-06,,,,449,,,,,,
17.0,0,0.32168254256248474,8.332921424880624e-06,,1786352.0,696.0,0.3223714828491211,449,0.2987407147884369,0.6077899932861328,0.24596774578094482,,,
,,,,8.253911124615273e-06,,,,459,,,,,,
17.0,0,0.34816837310791016,8.253910891653504e-06,,1951520.0,735.0,0.49131014943122864,459,0.2695361077785492,0.6031020283699036,0.2265625,,,
,,,,8.173490839405565e-06,,,,469,,,,,,
25.0,0,0.33998873829841614,8.173490641638637e-06,,1931680.0,833.0,0.33656564354896545,469,0.30243420600891113,0.6442432999610901,0.1901140660047531,,,
,,,,8.09169825600995e-06,,,,479,,,,,,
19.0,0,0.3580491244792938,8.091697964118794e-06,,2025968.0,834.0,0.36276641488075256,479,0.22295323014259338,0.6927507519721985,0.16720257699489594,,,
,,,,8.008571768191224e-06,,,,489,,,,,,
21.0,0,0.34026771783828735,8.008571967366152e-06,,1884272.0,738.0,0.4183673560619354,489,0.2926195561885834,0.5938065052032471,0.27272728085517883,,,
,,,,7.924150395852202e-06,,,,499,,,,,,
13.0,0,0.3369019627571106,7.924150850158185e-06,,1822176.0,608.0,0.5254969596862793,499,0.26111534237861633,0.7043049335479736,0.15481171011924744,,,
,0,,,,,,,499,,,,0.8150627613067627,0.11983872205018997,0.094748355448246
,,,,7.838473766719627e-06,,,,509,,,,,,
19.0,0,0.3359030485153198,7.83847372076707e-06,,2339648.0,900.0,0.41918957233428955,509,0.2956768572330475,0.6723507642745972,0.19325153529644012,,,
,,,,7.751582097742746e-06,,,,519,,,,,,
14.0,0,0.33521944284439087,7.751582415949088e-06,,1813328.0,679.0,0.37890625,519,0.2574101686477661,0.642167329788208,0.17741934955120087,,,
,,,,7.663516176215338e-06,,,,529,,,,,,
20.0,0,0.3182576894760132,7.663516043976415e-06,,1781632.0,679.0,0.34292930364608765,529,0.2721763253211975,0.6420047879219055,0.19369369745254517,,,
,,,,7.574317340629972e-06,,,,539,,,,,,
23.0,0,0.40478429198265076,7.574317351100035e-06,,2519520.0,961.0,0.48584428429603577,539,0.27876290678977966,0.6380299925804138,0.1982758641242981,,,
,,,,7.4840274612735716e-06,,,,549,,,,,,
24.0,0,0.4843406677246094,7.4840272645815276e-06,,2707968.0,994.0,0.4226190447807312,549,0.2634533643722534,0.6360697150230408,0.203438401222229,,,
,,,,7.392688920573326e-06,,,,559,,,,,,
21.0,0,0.35670366883277893,7.392688985419227e-06,,2124624.0,857.0,0.40809524059295654,559,0.3486984372138977,0.5977123975753784,0.2286689430475235,,,
,,,,7.3003445932022195e-06,,,,569,,,,,,
16.0,0,0.3651510775089264,7.300344805116765e-06,,2034096.0,750.0,0.40760868787765503,569,0.2925185263156891,0.6296428442001343,0.22021660208702087,,,
,,,,7.207037825953485e-06,,,,579,,,,,,
25.0,0,0.39171308279037476,7.207037924672477e-06,,2206128.0,883.0,0.4059770107269287,579,0.17229893803596497,0.7052017450332642,0.16607773303985596,,,
,,,,7.112812417393443e-06,,,,589,,,,,,
25.0,0,0.3763681650161743,7.112812454579398e-06,,2119856.0,883.0,0.4470885992050171,589,0.281561940908432,0.6380310654640198,0.19741100072860718,,,
,,,,7.017712597302291e-06,,,,599,,,,,,
19.0,0,0.317533940076828,7.0177125053305645e-06,,1811488.0,704.0,0.48753461241722107,599,0.43918439745903015,0.463916540145874,0.32765957713127136,,,
,,,,6.921783005912466e-06,,,,609,,,,,,
18.0,0,0.32887908816337585,6.921783096913714e-06,,1870096.0,717.0,0.4329710006713867,609,0.20452025532722473,0.6910929679870605,0.17226891219615936,,,
,0,,,,,,,609,,,,0.8163501024246216,0.12082283198833466,0.09846827387809753
